,City_Name,Lat,Lon,Max_Temp,Humidity,Clouds,Wind_Speed,Country,Date
0,Port Alfred,-33.59,26.89,57.94,71,0,14.32,ZA,1598572677
1,Carnarvon,-24.87,113.63,66.2,100,40,8.05,AU,1598572678
2,Busselton,-33.65,115.33,51.01,85,0,1.3,AU,1598572678
3,Nouakchott,18.09,-15.98,84.2,79,20,10.29,MR,1598572678
4,Aklavik,68.22,-135.01,42.8,75,75,6.93,CA,1598572473
5,Airai,-8.93,125.41,67.1,59,7,6.49,TL,1598572506
6,Ushuaia,-54.8,-68.3,37.4,55,40,6.93,AR,1598572678
7,Puerto Ayora,-0.74,-90.35,66.99,87,73,7.0,EC,1598572678
8,Thinadhoo,0.53,72.93,83.07,66,100,5.03,MV,1598572679
9,Pevek,69.7,170.31,40.33,86,9,4.09,RU,1598572497
10,Saint-Philippe,-21.36,55.77,68.0,60,36,4.7,RE,1598572679
11,Bredasdorp,-34.53,20.04,53.6,93,47,10.29,ZA,1598572679
12,Hobyo,5.35,48.53,75.99,79,96,26.11,SO,1598572496
13,Mahébourg,-20.41,57.7,69.8,77,75,3.36,MU,1598572680
14,Shingū,33.73,135.98,84.2,79,40,3.36,JP,1598572680
15,Margate,51.38,1.39,61.0,87,51,4.0,GB,1598572519
16,Butaritari,3.07,172.79,82.6,69,100,10.94,KI,1598572511
17,Jamestown,42.1,-79.24,70.0,83,1,11.41,US,1598572479
18,Palekastro,35.2,26.25,79.0,58,0,11.01,GR,1598572680
19,Norman Wells,65.28,-126.83,57.2,76,75,8.05,CA,1598572496
20,Vila Franca do Campo,37.72,-25.43,71.6,83,20,1.95,PT,1598572681
21,Cape Town,-33.93,18.42,55.0,81,75,8.05,ZA,1598572660
22,Punta Arenas,-53.15,-70.92,32.0,90,83,20.8,CL,1598572677
23,Gardelegen,52.53,11.4,57.0,74,99,7.02,DE,1598572681
24,Santa Cruz Cabrália,-16.28,-39.02,71.6,83,75,2.24,BR,1598572681
25,Miraflores,19.22,-98.81,68.0,64,90,12.75,MX,1598572682
26,Morro Bay,35.37,-120.85,70.0,82,10,11.01,US,1598572682
27,Vila,42.03,-8.16,68.0,94,90,6.93,PT,1598572682
28,Shimoda,34.67,138.95,84.2,89,40,2.24,JP,1598572682
29,Sucre,-19.03,-65.26,62.6,45,0,3.47,BO,1598572682
30,Lebu,-37.62,-73.65,48.96,88,97,10.8,CL,1598572491
31,Epe,6.58,3.98,74.55,88,83,6.71,NG,1598572683
32,Ust-Tsilma,65.44,52.15,47.1,94,36,6.78,RU,1598572671
33,Khatanga,71.97,102.5,60.1,68,44,6.33,RU,1598572683
34,Lüderitz,-26.65,15.16,53.69,76,0,12.97,NA,1598572683
35,Hasaki,35.73,140.83,88.0,83,40,8.05,JP,1598572683
36,Poltavka,54.37,71.76,55.11,84,49,5.93,RU,1598572683
37,Albany,42.6,-73.97,63.0,91,100,3.24,US,1598572475
38,Vaini,-21.2,-175.2,80.6,69,40,8.05,TO,1598572684
39,Avarua,-21.21,-159.78,77.0,57,39,13.87,CK,1598572475
40,Marovoay,-16.1,46.63,71.6,73,20,5.82,MG,1598572684
41,Río Gallegos,-51.62,-69.22,37.4,47,40,20.8,AR,1598572684
42,Hermanus,-34.42,19.23,51.01,89,63,16.55,ZA,1598572684
43,Arraial do Cabo,-22.97,-42.03,70.86,90,0,11.54,BR,1598572478
44,Richmond,37.55,-77.46,87.8,62,90,13.87,US,1598572494
45,Kameoka,35.0,135.58,84.2,79,75,3.36,JP,1598572685
46,Guerrero Negro,27.98,-114.06,83.5,56,0,16.46,MX,1598572475
47,Rikitea,-23.12,-134.97,68.54,60,0,2.98,PF,1598572474
48,Dholka,22.72,72.47,80.6,94,75,4.7,IN,1598572685
49,Tiarei,-17.53,-149.33,84.2,62,75,6.93,PF,1598572685
50,Qaanaaq,77.48,-69.36,38.98,86,100,10.98,GL,1598572685
51,Tamahú,15.33,-90.17,65.71,95,100,2.21,GT,1598572685
52,Willowmore,-33.29,23.49,46.11,75,16,7.92,ZA,1598572686
53,Castro,-24.79,-50.01,55.17,77,0,3.87,BR,1598572686
54,Shanghai,31.22,121.46,86.0,83,40,8.95,CN,1598572626
55,Pochutla,15.74,-96.47,80.6,74,90,9.17,MX,1598572686
56,Souillac,-20.52,57.52,69.8,77,75,3.36,MU,1598572687
57,Goderich,43.75,-81.72,75.0,83,25,8.43,CA,1598572687
58,Sitka,57.05,-135.33,59.0,62,90,14.99,US,1598572687
59,West Wendover,40.74,-114.07,89.6,19,1,10.29,US,1598572687
60,Mitsamiouli,-11.38,43.28,75.42,78,55,2.26,KM,1598572687
61,Bogotol,56.21,89.53,50.07,97,15,2.1,RU,1598572687
62,Esim,4.87,-2.24,75.54,87,41,9.55,GH,1598572687
63,Wanxian,30.8,108.39,79.9,70,0,3.49,CN,1598572688
64,Kruisfontein,-34.0,24.73,53.13,79,17,14.29,ZA,1598572688
65,Saskylakh,71.92,114.08,62.78,41,58,1.92,RU,1598572688
66,Pacific Grove,36.62,-121.92,69.8,60,75,9.17,US,1598572688
67,Mehamn,71.04,27.85,44.46,68,93,22.86,NO,1598572688
68,Kluczbork,50.97,18.22,54.0,72,49,6.17,PL,1598572688
69,Coyhaique,-45.58,-72.07,35.6,93,90,3.36,CL,1598572689
70,Cherskiy,68.75,161.3,42.89,89,100,1.07,RU,1598572689
71,Aranos,-24.13,19.12,49.86,37,0,6.44,NA,1598572689
72,Yinchuan,38.47,106.27,72.09,29,81,3.13,CN,1598572689
73,Mataura,-46.19,168.86,51.58,57,68,5.88,NZ,1598572689
74,Nikolskoye,59.7,30.79,54.0,93,90,2.24,RU,1598572477
75,Sinnamary,5.38,-52.95,79.88,81,91,4.52,GF,1598572690
76,Ojinaga,29.57,-104.42,98.6,17,1,10.0,MX,1598572690
77,Khvatovka,52.35,46.56,64.58,49,93,7.4,RU,1598572690
78,Qaqortoq,60.72,-46.03,46.44,74,100,6.69,GL,1598572690
79,Tateyama,34.98,139.87,90.0,89,40,2.24,JP,1598572690
80,Goma,-1.68,29.22,64.96,68,12,2.53,CD,1598572690
81,Kondinskoye,59.65,67.41,55.81,93,77,10.69,RU,1598572690
82,Ben Gardane,33.14,11.22,72.61,86,0,5.21,TN,1598572691
83,Barrow,71.29,-156.79,39.2,80,90,19.46,US,1598572501
84,Havelock,34.88,-76.9,82.99,84,65,4.0,US,1598572691
85,Vardø,70.37,31.11,42.8,87,20,14.99,NO,1598572691
86,Camacha,33.08,-16.33,71.6,83,40,13.87,PT,1598572586
87,Bluff,-46.6,168.33,51.46,68,79,18.99,NZ,1598572691
88,Ponta do Sol,32.67,-17.1,77.0,53,20,18.34,PT,1598572691
89,Taoudenni,22.68,-3.98,98.76,10,9,10.6,ML,1598572692
90,Taku,39.02,117.65,77.0,65,0,2.24,CN,1598572692
91,Isangel,-19.55,169.27,78.8,78,75,10.29,VU,1598572558
92,Jijiga,9.35,42.8,62.87,88,100,15.43,ET,1598572692
93,Dhidhdhoo,6.88,73.1,83.19,72,64,15.26,MV,1598572692
94,Salta,-24.79,-65.41,64.4,42,0,4.7,AR,1598572564
95,Kaitangata,-46.28,169.85,48.0,63,65,1.99,NZ,1598572693
96,Kapaa,22.08,-159.32,87.01,58,20,11.41,US,1598572693
97,La Suiza,9.85,-83.61,68.0,94,90,9.17,CR,1598572693
98,Severo-Kuril'sk,50.68,156.12,52.74,80,92,13.47,RU,1598572520
99,Bethel,41.37,-73.41,70.0,100,90,5.82,US,1598572450
100,Kurumkan,54.3,110.3,56.95,76,100,8.81,RU,1598572693
101,Bambous Virieux,-20.34,57.76,69.8,77,75,3.36,MU,1598572694
102,Port-Cartier,50.03,-66.87,59.0,58,20,11.41,CA,1598572694
103,Cape Coast,5.11,-1.25,75.0,88,32,11.48,GH,1598572694
104,Tiksi,71.69,128.87,47.08,60,0,8.37,RU,1598572694
105,Korla,41.76,86.15,73.99,97,100,18.68,CN,1598572575
106,Comodoro Rivadavia,-45.87,-67.5,50.0,57,100,12.75,AR,1598572692
107,Chokurdakh,70.63,147.92,40.87,73,100,8.59,RU,1598572695
108,Dinar,38.06,30.17,69.8,43,0,10.29,TR,1598572695
109,Xining,36.62,101.77,55.89,59,30,3.31,CN,1598572589
110,Provideniya,64.38,-173.3,51.8,87,75,6.71,RU,1598572695
111,Yangambi,0.81,24.43,69.33,97,34,1.74,CD,1598572695
112,Chui,-33.7,-53.46,57.45,98,100,6.38,UY,1598572695
113,Grindavik,63.84,-22.43,46.4,100,90,6.93,IS,1598572695
114,Nemuro,43.32,145.57,75.2,94,75,6.93,JP,1598572696
115,Tuktoyaktuk,69.45,-133.04,48.2,61,75,12.75,CA,1598572696
116,Kalispell,48.2,-114.31,82.4,18,1,8.05,US,1598572696
117,Nelson Bay,-32.72,152.15,63.0,42,20,17.22,AU,1598572696
118,Sieradz,51.6,18.73,54.0,84,87,1.01,PL,1598572696
119,Karratha,-20.74,116.85,81.3,28,0,4.63,AU,1598572696
120,Shādegān,30.65,48.66,89.6,37,0,6.93,IR,1598572696
121,Hobart,-42.88,147.33,55.99,47,75,24.16,AU,1598572630
122,Bratsk,56.13,101.61,53.6,100,75,8.95,RU,1598572697
123,Titay,7.81,122.53,79.34,83,96,1.34,PH,1598572697
124,Tumaco,1.8,-78.82,74.97,87,100,9.17,CO,1598572697
125,Oranjestad,12.52,-70.03,84.2,79,20,18.34,AW,1598572697
126,Bengkulu,-3.8,102.27,75.58,81,42,3.76,ID,1598572697
127,Virginia Beach,36.85,-75.98,88.0,66,73,1.99,US,1598572666
128,Inhambane,-23.86,35.38,67.8,86,43,7.74,MZ,1598572698
129,Bariloche,-41.15,-71.31,39.2,69,75,13.87,AR,1598572698
130,Fortuna,40.6,-124.16,64.0,82,1,11.41,US,1598572698
131,Gao,16.64,1.64,86.52,49,6,3.24,ML,1598572698
132,Omsukchan,62.53,155.8,42.48,74,96,6.96,RU,1598572698
133,Staffanstorp,55.64,13.21,55.99,93,75,2.24,SE,1598572699
134,Ruidoso,33.33,-105.67,82.4,21,75,6.96,US,1598572662
135,Manokwari,-0.87,134.08,83.7,66,31,3.11,ID,1598572482
136,Vila Velha,-20.33,-40.29,75.0,88,40,4.7,BR,1598572699
137,Kyshtovka,56.55,76.63,49.96,93,0,4.29,RU,1598572699
138,East London,-33.02,27.91,61.7,63,1,17.02,ZA,1598572529
139,Itarema,-2.92,-39.92,78.66,75,11,18.34,BR,1598572700
140,Kahului,20.89,-156.47,89.6,52,40,31.09,US,1598572700
141,New Norfolk,-42.78,147.06,55.99,72,51,4.0,AU,1598572700
142,Batemans Bay,-35.72,150.18,57.0,46,2,3.0,AU,1598572700
143,Haines Junction,60.75,-137.51,56.98,46,100,4.47,CA,1598572700
144,Nome,64.5,-165.41,59.0,62,90,6.13,US,1598572700
145,Daru,-9.08,143.21,78.17,82,92,21.0,PG,1598572700
146,Sur,22.57,59.53,83.7,69,100,9.19,OM,1598572490
147,Sabzawār,36.21,57.68,59.56,37,0,7.67,IR,1598572701
148,El Alto,-4.27,-81.21,60.82,88,16,15.77,PE,1598572701
149,Maibong,25.3,93.17,72.91,86,80,3.62,IN,1598572701
150,Qasigiannguit,68.82,-51.19,42.8,60,28,3.0,GL,1598572701
151,Hithadhoo,-0.6,73.08,81.41,68,100,2.84,MV,1598572702
152,Kishcha,42.18,47.58,57.15,74,16,4.65,RU,1598572702
153,Zhizdra,53.75,34.74,55.83,96,62,4.79,RU,1598572702
154,Urengoy,65.97,78.37,52.09,80,0,5.7,RU,1598572702
155,Lima,-12.04,-77.03,60.8,82,90,6.93,PE,1598572661
156,Jalu,29.03,21.55,75.13,70,0,9.31,LY,1598572703
157,Laguna,38.42,-121.42,96.01,22,1,5.82,US,1598572703
158,Flinders,-34.58,150.86,60.01,42,0,5.99,AU,1598572497
159,Ust'-Barguzin,53.45,108.98,55.6,87,100,7.52,RU,1598572703
160,Kajaani,64.23,27.73,37.4,93,20,1.12,FI,1598572703
161,Faranah,10.04,-10.74,71.01,96,93,7.65,GN,1598572703
162,Kavieng,-2.57,150.8,83.43,71,42,4.94,PG,1598572537
163,Dikson,73.51,80.55,47.82,81,48,9.64,RU,1598572704
164,Gazli,40.13,63.45,66.81,41,0,13.65,UZ,1598572704
165,Codrington,-38.27,141.97,52.11,78,0,9.51,AU,1598572704
166,Hong Kong,22.29,114.16,84.99,78,0,3.0,HK,1598572664
167,Nichlaul,27.32,83.73,78.91,80,54,8.79,IN,1598572704
168,Beringovskiy,63.05,179.32,52.63,80,83,11.52,RU,1598572704
169,Banikoara,11.3,2.44,71.74,95,92,3.53,BJ,1598572705
170,Cabo San Lucas,22.89,-109.91,91.4,52,20,8.05,MX,1598572668
171,Teya,60.38,92.63,49.62,90,12,3.02,RU,1598572705
172,Kuching,1.55,110.33,73.4,100,40,3.06,MY,1598572705
173,Yulara,-25.24,130.99,62.6,25,0,14.99,AU,1598572538
174,Ahipara,-35.17,173.17,58.3,61,25,9.71,NZ,1598572705
175,Huesca,42.14,-0.41,77.0,78,0,4.7,ES,1598572706
176,Otane,-39.88,176.63,55.71,51,23,4.16,NZ,1598572706
177,Hilo,19.73,-155.09,86.0,55,1,8.05,US,1598572706
178,Nushki,29.55,66.02,69.66,23,0,2.8,PK,1598572706
179,Atuona,-9.8,-139.03,78.82,75,69,18.59,PF,1598572706
180,George Town,5.41,100.34,80.6,94,20,3.36,MY,1598572452
181,Werda,-25.27,23.28,53.71,37,0,4.43,BW,1598572706
182,Diapaga,12.07,1.79,73.9,93,99,5.53,BF,1598572707
183,Aipe,3.22,-75.24,80.6,69,75,4.7,CO,1598572707
184,Namatanai,-3.67,152.43,82.85,74,97,3.33,PG,1598572514
185,Roald,62.58,6.13,53.6,81,88,14.99,NO,1598572707
186,San Quintín,30.48,-115.95,77.97,62,40,14.43,MX,1598572707
187,Upernavik,72.79,-56.15,42.69,71,63,6.24,GL,1598572707
188,Bonavista,48.65,-53.11,55.99,81,19,3.0,CA,1598572707
189,Caravelas,-17.71,-39.25,71.53,86,0,7.61,BR,1598572526
190,Dubbo,-32.25,148.62,53.6,54,0,16.11,AU,1598572668
191,Yarim,14.3,44.38,59.22,72,2,0.43,YE,1598572708
192,Baruun-Urt,46.68,113.28,65.75,66,88,3.58,MN,1598572708
193,Corner Brook,48.97,-57.95,57.2,87,90,9.17,CA,1598572708
194,Kaeo,-35.1,173.78,62.01,3,11,5.01,NZ,1598572708
195,Coquimbo,-29.95,-71.34,53.6,71,20,4.7,CL,1598572486
196,Port Elizabeth,-33.92,25.57,59.0,72,0,17.22,ZA,1598572709
197,Port Augusta,-32.5,137.77,60.01,100,90,6.93,AU,1598572709
198,Sechura,-5.56,-80.82,64.44,74,3,16.24,PE,1598572709
199,The Valley,18.22,-63.06,84.2,74,40,12.75,AI,1598572709
200,Tabou,4.42,-7.35,75.7,86,95,8.77,CI,1598572668
201,Ucluelet,48.93,-125.55,68.0,88,20,8.05,CA,1598572485
202,Ouargaye,11.5,0.06,74.41,89,98,3.71,BF,1598572710
203,Qujing,25.48,103.78,62.51,81,82,4.32,CN,1598572710
204,Rome,43.21,-75.46,69.8,83,40,4.7,US,1598572710
205,Mudgee,-32.59,149.59,52.0,53,0,8.05,AU,1598572710
206,Susurluk,39.91,28.16,69.8,77,8,2.24,TR,1598572710
207,Great Yarmouth,52.61,1.73,62.01,98,81,17.94,GB,1598572710
208,Pisco,-13.7,-76.22,64.4,77,75,8.05,PE,1598572711
209,Qarchak,35.44,51.57,73.4,28,40,7.05,IR,1598572711
210,Lagoa,39.05,-27.98,73.42,90,100,7.76,PT,1598572711
211,Nuuk,64.18,-51.72,48.2,76,100,5.82,GL,1598572711
212,Tasiilaq,65.61,-37.64,33.8,73,99,11.41,GL,1598572711
213,Sargatskoye,55.61,73.5,52.5,91,57,4.59,RU,1598572712
214,Geraldton,-28.77,114.6,51.8,93,90,8.05,AU,1598572712
215,Port Hardy,50.7,-127.42,60.8,82,40,3.36,CA,1598572712
216,Lucapa,-8.42,20.74,70.25,77,91,2.93,AO,1598572712
217,Torbay,47.67,-52.73,57.99,71,75,11.41,CA,1598572712
218,Keminmaa,65.86,24.82,30.2,100,1,3.36,FI,1598572712
219,São Pedro do Sul,-29.62,-54.18,68.0,77,52,6.93,BR,1598572712
220,Coahuayana Viejo,18.73,-103.68,69.8,88,90,4.09,MX,1598572713
221,Stokmarknes,68.56,14.91,46.99,90,94,3.0,NO,1598572713
222,Yar-Sale,66.83,70.83,54.36,80,45,7.4,RU,1598572713
223,Leningradskiy,69.38,178.42,39.13,91,100,4.83,RU,1598572713
224,Östersund,63.18,14.64,50.0,71,35,2.59,SE,1598572713
225,Saint George,37.1,-113.58,105.8,9,1,14.99,US,1598572637
226,Faanui,-16.48,-151.75,77.4,79,2,15.48,PF,1598572491
227,Taltal,-25.4,-70.48,56.21,72,8,3.09,CL,1598572714
228,Kavaratti,10.57,72.64,82.53,72,100,9.17,IN,1598572714
229,Evensk,61.95,159.23,50.07,71,80,11.56,RU,1598572714
230,Kushālgarh,23.2,74.45,74.19,95,95,8.3,IN,1598572714
231,San Patricio,19.22,-104.7,76.35,93,100,7.0,MX,1598572714
232,Klaksvík,62.23,-6.59,50.0,81,26,8.05,FO,1598572714
233,Bowen,-20.02,148.23,71.6,64,75,18.34,AU,1598572478
234,Mossamedes,-15.2,12.15,58.86,87,39,11.16,AO,1598572715
235,Yellowknife,62.46,-114.35,60.8,67,75,11.41,CA,1598572715
236,Vallenar,-28.57,-70.76,55.92,57,0,1.86,CL,1598572715
237,Athens,37.98,23.72,80.01,46,0,3.36,GR,1598572129
238,Aguisan,10.17,122.86,82.78,72,46,4.79,PH,1598572715
239,Kargasok,59.06,80.86,47.57,94,38,5.99,RU,1598572715
240,Marsh Harbour,26.54,-77.06,84.16,77,71,10.67,BS,1598572716
241,Dongkan,34.0,119.83,75.24,89,91,4.94,CN,1598572716
242,Bathsheba,13.22,-59.52,82.4,78,20,18.34,BB,1598572716
243,Sioux Lookout,50.1,-91.92,69.8,52,20,3.36,CA,1598572716
244,São Gabriel da Cachoeira,-0.13,-67.09,74.66,94,34,2.73,BR,1598572716
245,Hakkâri Province,37.58,44.17,56.55,49,0,3.74,TR,1598572716
246,Dunedin,-45.87,170.5,55.0,59,4,1.01,NZ,1598572659
247,Hazorasp,41.32,61.07,60.8,63,0,2.24,UZ,1598572717
248,Bakchar,57.02,82.07,48.31,96,0,3.47,RU,1598572717
249,Portland,45.52,-122.68,84.99,30,20,13.87,US,1598572014
250,Noumea,-22.28,166.46,73.99,53,90,3.36,NC,1598572476
251,Sorong,-0.88,131.25,79.99,83,17,9.62,ID,1598572704
252,Salekhard,66.53,66.6,50.77,90,94,5.39,RU,1598572718
253,Iqaluit,63.75,-68.51,42.8,87,75,4.7,CA,1598572718
254,Rujewa,-8.7,34.38,63.72,69,71,6.31,TZ,1598572718
255,Fort-Shevchenko,44.51,50.26,74.82,39,14,13.51,KZ,1598572718
256,São Paulo de Olivença,-3.38,-68.87,79.43,74,97,2.82,BR,1598572666
257,Ixtapa,20.7,-105.2,86.0,74,90,4.7,MX,1598572719
258,Talnakh,69.49,88.4,53.6,71,50,6.71,RU,1598572719
259,Alugan,12.22,125.48,81.16,84,100,3.42,PH,1598572719
260,Srednekolymsk,67.45,153.68,48.13,70,97,6.29,RU,1598572523
261,Bilibino,68.05,166.44,45.19,70,99,3.11,RU,1598572719
262,Krasnogvardeyets,52.68,52.36,65.57,41,57,7.43,RU,1598572720
263,Malia,35.28,25.47,79.0,74,0,14.99,GR,1598572720
264,Ust-Kuyga,70.02,135.6,51.48,47,0,2.21,RU,1598572720
265,Ikom,5.97,8.71,73.44,95,100,2.91,NG,1598572720
266,Hinton,53.4,-117.59,67.55,27,32,5.86,CA,1598572720
267,Māngrol,21.12,70.12,80.42,87,93,13.58,IN,1598572720
268,San Cristobal,7.77,-72.22,87.8,58,40,6.93,VE,1598572720
269,Deputatsky,69.3,139.9,41.81,66,0,4.12,RU,1598572721
270,Porto Santo,33.07,-16.34,71.6,83,40,13.87,PT,1598572721
271,Nanortalik,60.14,-45.24,49.55,69,100,12.08,GL,1598572721
272,Kenai,60.55,-151.26,62.01,55,75,9.17,US,1598572721
273,Lompoc,34.64,-120.46,68.0,64,1,16.11,US,1598572708
274,Chaihe,44.77,129.7,77.72,81,11,15.28,CN,1598572721
275,Okhotsk,59.38,143.3,55.67,67,100,5.75,RU,1598572722
276,São José da Coroa Grande,-8.9,-35.15,73.11,72,62,8.68,BR,1598572722
277,Osoyoos,49.03,-119.45,89.6,28,20,8.05,CA,1598572722
278,Ribeira Grande,38.52,-28.7,74.91,87,96,11.41,PT,1598572722
279,Ancud,-41.87,-73.82,46.0,93,90,6.93,CL,1598572722
280,Ayan,56.45,138.17,53.33,86,94,6.62,RU,1598572722
281,Thompson,55.74,-97.86,66.2,68,75,2.24,CA,1598572541
282,Galesong,-5.32,119.37,82.4,54,20,1.12,ID,1598572723
283,Sembakung,3.82,117.25,77.18,93,97,2.04,ID,1598572723
284,Kirakira,-10.45,161.92,83.7,74,52,16.26,SB,1598572723
285,Umm Hājar,13.3,19.7,75.81,80,100,9.4,TD,1598572723
286,Arrondissement du Havre,49.58,0.33,62.6,77,75,20.8,FR,1598572487
287,Savannah Bight,16.45,-85.85,84.85,81,84,26.96,HN,1598572724
288,Constitución,-35.33,-72.42,47.84,77,6,4.79,CL,1598572724
289,Harper,4.38,-7.72,75.81,85,93,8.7,LR,1598572724
290,Mar del Plata,-38.0,-57.56,54.0,66,0,3.36,AR,1598572643
291,Qui Nhon,13.77,109.23,82.89,71,100,5.77,VN,1598572678
292,Esperance,-33.87,121.9,53.6,76,0,19.46,AU,1598572724
293,Lázaro Cárdenas,17.96,-102.2,74.55,90,100,4.9,MX,1598572672
294,Jumla,29.27,82.18,60.03,69,84,2.75,NP,1598572713
295,Challans,46.84,-1.87,63.0,93,75,8.05,FR,1598572725
296,Touros,-5.2,-35.46,75.2,78,32,6.93,BR,1598572725
297,Kirando,-7.42,30.6,74.98,56,13,5.55,TZ,1598572725
298,Chute-aux-Outardes,49.12,-68.4,60.8,51,90,6.93,CA,1598572725
299,Mae Sai,20.43,99.88,75.99,100,20,1.36,TH,1598572725
300,Tsaratanana,-16.78,47.65,62.67,76,0,7.9,MG,1598572726
301,Antofagasta,-23.65,-70.4,57.2,76,75,17.22,CL,1598572485
302,Yangi Marg`ilon,40.43,71.72,62.6,82,0,0.78,UZ,1598572508
303,Tadine,-21.55,167.88,69.35,76,86,17.07,NC,1598572726
304,Afşin,38.25,36.91,58.75,59,6,3.09,TR,1598572726
305,Dickinson,29.46,-95.05,95.0,47,40,6.93,US,1598572726
306,Ciudad Bolivar,8.12,-63.55,81.61,76,76,9.04,VE,1598572726
307,Chivilcoy,-34.9,-60.02,59.0,66,33,7.0,AR,1598572727
308,Avera,33.19,-82.53,86.0,89,1,3.36,US,1598572602
309,Pangnirtung,66.15,-65.71,47.61,66,85,2.28,CA,1598572727
310,Lincoln,40.8,-96.67,93.99,41,1,12.75,US,1598572727
311,Smithers,54.78,-127.17,59.0,67,90,3.36,CA,1598572727
312,Xingyi,24.19,102.82,63.48,82,88,2.62,CN,1598572727
313,Port Lincoln,-34.73,135.87,56.26,77,1,6.6,AU,1598572728
314,Vila do Maio,15.13,-23.22,80.6,83,75,3.36,CV,1598572728
315,Poysdorf,48.67,16.63,57.99,84,14,1.7,AT,1598572728
316,Simpang,-1.27,104.08,73.62,84,73,4.25,ID,1598572728
317,San Isidro,-12.12,-77.05,60.8,82,90,6.93,PE,1598572728
318,Wewak,-3.55,143.63,83.46,74,10,7.09,PG,1598572728
319,Novo Cruzeiro,-17.47,-41.88,60.04,87,19,3.94,BR,1598572728
320,Tranås,58.04,14.98,50.0,87,87,1.36,SE,1598572729
321,Vrangel',42.73,133.08,73.08,90,94,6.96,RU,1598572729
322,Aloleng,16.13,119.78,83.93,77,70,10.65,PH,1598572729
323,Nantucket,41.28,-70.1,66.2,88,75,4.7,US,1598572685
324,Lufilufi,-13.87,-171.6,82.4,83,75,13.87,WS,1598572729
325,Havøysund,71.0,24.66,42.8,81,75,28.86,NO,1598572518
326,Tougue,11.47,-11.6,68.0,94,69,2.19,GN,1598572729
327,St. George's,12.06,-61.75,84.2,83,20,11.41,GD,1598572730
328,Huarmey,-10.07,-78.15,62.46,83,11,9.42,PE,1598572538
329,Yumen,40.28,97.2,59.63,30,64,11.16,CN,1598572730
330,Saint Paul Harbor,57.79,-152.41,55.4,76,90,9.17,US,1598572514
331,Suez,29.97,32.53,73.22,75,0,8.9,EG,1598572730
332,Bereda,43.27,-7.54,64.99,100,63,10.0,ES,1598572731
333,Lahijan,37.21,50.0,66.2,100,0,2.21,IR,1598572731
334,Nioro,13.35,-15.75,75.38,95,100,6.24,GM,1598572731
335,Rāmkola,26.9,83.84,78.17,86,36,10.4,IN,1598572731
336,Vágur,61.47,-6.81,50.23,87,48,5.55,FO,1598572731
337,Nesebar,42.78,27.73,72.0,73,13,4.7,BG,1598572731
338,Estelle,29.85,-90.11,81.0,88,75,10.29,US,1598572629
339,Gardabani,41.46,45.09,66.2,72,0,5.82,GE,1598572732
340,Orlik,52.52,99.83,46.56,74,79,1.16,RU,1598572732
341,Bucerías,20.75,-105.33,86.0,74,90,4.7,MX,1598572600
342,Dhrol,22.57,70.42,80.01,10,93,10.85,IN,1598572732
343,Salto,-31.38,-57.97,62.01,93,99,7.0,UY,1598572436
344,Sémbé,1.65,14.58,70.41,92,100,2.17,CG,1598572732
345,Adrar,20.5,-10.07,94.53,28,20,5.79,MR,1598572732
346,Hachinohe,40.5,141.5,78.8,88,40,4.7,JP,1598572733
347,Meulaboh,4.14,96.13,76.33,87,100,3.91,ID,1598572733
348,Cuyamel,15.67,-88.2,87.8,66,40,6.93,HN,1598572733
349,Thunder Bay,48.4,-89.32,75.2,44,75,5.82,CA,1598572699
350,Sidi Ali,36.1,0.42,72.43,56,0,0.85,DZ,1598572733
351,Rasrā,25.85,83.85,78.8,87,60,10.8,IN,1598572734
352,Kalmunai,7.42,81.82,78.44,78,57,4.76,LK,1598572734
353,Itoman,26.12,127.67,82.4,88,75,6.93,JP,1598572734
354,Mount Gambier,-37.83,140.77,46.4,93,0,5.82,AU,1598572734
355,Saint-Augustin,51.23,-58.65,50.7,86,95,10.49,CA,1598572734
356,Kawalu,-7.38,108.21,71.67,87,69,0.58,ID,1598572734
357,Alofi,-19.06,-169.92,80.6,54,40,14.99,NU,1598572504
358,Lorengau,-2.02,147.27,84.69,72,2,7.47,PG,1598572735
359,Arona,28.1,-16.68,86.0,58,0,8.05,ES,1598572735
360,Tautira,-17.73,-149.15,84.2,62,75,6.93,PF,1598572516
361,Emerald,-23.53,148.17,66.99,59,0,8.05,AU,1598572735
362,Cap Malheureux,-19.98,57.61,69.01,80,62,3.0,MU,1598572735
363,Le Port,-20.94,55.29,69.8,77,90,11.41,RE,1598572712
364,Tigzirt,36.89,4.12,77.5,48,1,5.26,DZ,1598572736
365,Husavik,66.04,-17.34,48.2,76,75,16.11,IS,1598572736
366,Dingle,11.0,122.67,80.74,77,98,4.9,PH,1598572736
367,Lazarev,52.23,141.51,57.65,86,100,17.02,RU,1598572736
368,Riyadh,24.69,46.72,82.4,30,0,4.59,SA,1598572478
369,Paphos,34.77,32.42,71.6,78,20,4.7,CY,1598572736
370,Luganville,-15.53,167.17,82.4,83,75,13.87,VU,1598572683
371,Byron Bay,-28.65,153.62,68.0,55,0,11.41,AU,1598572526
372,Bilopillya,51.15,34.31,56.12,96,30,6.82,UA,1598572737
373,Tuatapere,-46.13,167.68,49.44,77,75,11.16,NZ,1598572737
374,Tomatlán,19.93,-105.25,74.88,98,100,5.08,MX,1598572737
375,Timiryazevskiy,56.49,84.88,50.0,100,20,2.48,RU,1598572737
376,Sijunjung,-0.69,100.95,70.2,75,87,1.36,ID,1598572737
377,Mandurah,-32.55,115.7,61.0,93,0,6.6,AU,1598572737
378,Sanguéya,10.7,-14.37,74.93,94,100,1.72,GN,1598572738
379,Damietta,31.42,31.81,78.8,78,0,6.93,EG,1598572738
380,Teruel,40.67,-0.67,73.4,88,0,4.7,ES,1598572738
381,Marzuq,14.4,46.47,82.6,46,66,5.99,YE,1598572738
382,Olafsvik,64.89,-23.71,51.64,84,100,14.03,IS,1598572738
383,Córdoba,-31.41,-64.18,60.01,35,44,4.7,AR,1598572700
384,Bertoua,4.58,13.68,67.87,97,100,3.33,CM,1598572739
385,Katsuura,35.13,140.3,88.0,79,20,5.82,JP,1598572739
386,Killybegs,54.63,-8.45,53.01,94,100,5.01,IE,1598572739
387,Sibolga,1.74,98.78,76.19,81,96,4.09,ID,1598572739
388,Chumikan,54.72,135.31,59.94,64,36,7.18,RU,1598572739
389,NEDJO,9.5,35.5,58.42,96,97,1.54,ET,1598572713
390,Cavalcante,-13.8,-47.46,71.15,23,15,5.79,BR,1598572740
391,Forsytheganj,52.63,29.73,56.28,97,68,9.42,BY,1598572740
392,Bubaque,11.28,-15.83,80.67,78,100,8.61,GW,1598572740
393,Northam,51.03,-4.22,57.99,96,37,8.99,GB,1598572740
394,Necochea,-38.55,-58.74,46.0,89,0,4.0,AR,1598572740
395,Hofn,64.25,-15.21,48.79,78,8,2.08,IS,1598572740
396,Waipawa,-41.41,175.52,55.4,66,55,19.46,NZ,1598572740
397,De-Kastri,51.47,140.78,62.62,76,97,6.67,RU,1598572741
398,Baoying,33.23,119.31,75.42,90,99,4.76,CN,1598572741
399,Sola,-13.88,167.55,80.62,80,6,24.02,VU,1598572528
400,Raja,8.46,25.68,70.03,94,81,2.17,SS,1598572741
401,Baní,18.28,-70.33,86.0,70,3,5.99,DO,1598572579
402,Praia da Vitória,38.73,-27.07,75.2,88,75,0.67,PT,1598572551
403,Loandjili,-4.76,11.86,73.56,88,80,8.68,CG,1598572741
404,Dalvik,65.97,-18.53,48.2,76,75,16.11,IS,1598572742
405,Evanston,42.04,-87.69,90.0,55,20,6.93,US,1598572678
406,Mogadishu,2.04,45.34,76.03,84,13,14.9,SO,1598572742
407,Omboué,-1.57,9.26,75.11,85,100,8.72,GA,1598572742
408,Masvingo,-20.06,30.83,61.48,68,46,7.31,ZW,1598572742
409,Bambanglipuro,-7.95,110.28,75.29,79,3,3.42,ID,1598572742
410,Manzhouli,49.6,117.43,56.71,70,100,19.28,CN,1598572743
411,Fort Frances,48.6,-93.4,75.99,46,1,1.83,CA,1598572743
412,Lata,40.16,-8.33,69.01,90,40,3.0,PT,1598572743
413,Eha Amufu,6.66,7.76,78.8,83,40,12.75,NG,1598572743
414,Barra de Tecoanapa,16.52,-98.75,80.8,81,100,12.19,MX,1598572743
415,Erzin,36.96,36.2,79.0,84,68,1.9,TR,1598572744
416,Son La,21.32,103.9,72.99,91,54,1.16,VN,1598572744
417,Vanimo,-2.67,141.3,82.81,77,26,6.67,PG,1598572744
418,Cikupa,-6.24,106.51,80.01,83,25,8.05,ID,1598572744
419,Saint-Pierre,-21.34,55.48,68.0,60,0,4.7,RE,1598572744
420,Waingapu,-9.66,120.26,80.91,61,1,11.18,ID,1598572744
421,Kushima,31.46,131.23,78.8,88,90,8.05,JP,1598572745
422,Cascais,38.7,-9.42,71.01,96,3,17.45,PT,1598572672
423,Kedrovyy,56.17,91.82,51.8,93,46,2.24,RU,1598572745
424,Port Hedland,-20.32,118.57,71.6,46,0,4.7,AU,1598572745
425,Kalangala,-0.31,32.23,70.84,71,0,7.78,UG,1598572745
426,Notsé,6.95,1.17,71.71,89,98,7.14,TG,1598572745
427,Lodja,-3.48,23.43,69.85,84,99,1.45,CD,1598572745
428,Rockport,28.02,-97.05,89.6,70,1,13.87,US,1598572746
429,Honningsvåg,70.98,25.97,45.79,69,99,24.85,NO,1598572746
430,Trincomalee,8.57,81.23,80.33,75,55,16.15,LK,1598572746
431,Zvishavane,-20.33,30.07,59.07,87,6,3.13,ZW,1598572746
432,Kholodnyy,62.72,147.95,44.65,59,69,4.65,RU,1598572746
433,Fukuechō,32.69,128.84,75.2,100,75,10.29,JP,1598572523
434,Kencong,-8.28,113.37,76.3,80,5,1.77,ID,1598572747
435,Myaundzha,63.05,147.19,40.48,70,100,2.62,RU,1598572747
436,Dolisie,-4.2,12.67,69.91,88,85,2.08,CG,1598572747
437,Isla Mujeres,21.23,-86.73,82.0,83,90,10.29,MX,1598572747
438,Rognan,67.1,15.39,45.0,93,86,2.44,NO,1598572747
439,Luzhou,28.87,105.44,79.72,83,32,2.46,CN,1598572748
440,Bandarbeyla,9.49,50.81,76.21,75,71,27.6,SO,1598572565
441,Muros,42.78,-9.06,64.99,92,71,1.01,ES,1598572537
442,Vikindu,-7.01,39.3,68.83,92,44,3.09,TZ,1598572748
443,Amparafaravola,-17.58,48.22,56.62,92,60,3.29,MG,1598572748
444,Cotonou,6.37,2.42,75.51,86,85,12.68,BJ,1598572506
445,Kharan,28.58,65.42,80.24,17,0,8.01,PK,1598572748
446,Tabas,33.6,56.92,75.2,15,0,4.7,IR,1598572749
447,Galle,6.04,80.22,79.99,82,99,9.98,LK,1598572749
448,Singkang,2.1,102.8,77.0,94,20,1.12,MY,1598572749
449,Viedma,-40.81,-63.0,53.01,54,65,1.99,AR,1598572545
450,São Filipe,14.9,-24.5,78.49,85,100,3.96,CV,1598572555
451,Yelyzavethradka,48.8,32.4,57.76,92,23,6.96,UA,1598572749
452,Sobolevo,54.43,31.9,53.17,97,63,3.49,RU,1598572749
453,Tarko-Sale,64.92,77.78,46.99,92,0,6.13,RU,1598572750
454,Sørland,67.67,12.69,50.59,70,100,11.65,NO,1598572750
455,Whitehorse,60.72,-135.05,57.0,58,90,6.93,CA,1598572750
456,Moyale,3.52,39.06,65.46,78,35,5.99,KE,1598572750
457,Dauriya,49.93,116.87,56.75,71,100,20.2,RU,1598572750
458,San Pedro de Macorís,18.46,-69.3,86.0,70,20,4.7,DO,1598572751
459,Veydelevka,50.15,38.45,63.81,54,43,8.79,RU,1598572751
460,Igarka,67.47,86.58,56.34,79,99,7.23,RU,1598572751
461,Wainwright,52.84,-110.86,62.8,60,44,10.96,CA,1598572751
462,Bonthe,7.53,-12.51,77.05,86,100,9.66,SL,1598572751
463,Mayo,38.89,-76.51,86.0,70,75,11.86,US,1598572751
464,Poum,-20.23,164.02,69.04,79,97,9.6,NC,1598572751
465,Urusha,54.05,122.9,54.93,55,13,6.35,RU,1598572694
466,Stara Syniava,49.6,27.62,54.55,92,69,10.6,UA,1598572752
467,Fairbanks,64.84,-147.72,66.2,48,75,3.36,US,1598572501
468,Nhulunbuy,-12.23,136.77,80.6,61,75,20.8,AU,1598572517
469,Prado,-17.34,-39.22,70.47,90,2,7.49,BR,1598572752
470,Ketchikan,55.34,-131.65,60.8,77,75,6.93,US,1598572752
471,Juegang,32.32,121.19,76.89,94,100,2.51,CN,1598572753
472,Bayan,46.08,127.4,71.01,90,100,6.49,CN,1598572753
473,Basco,20.45,121.97,84.25,79,100,19.84,PH,1598572753
474,Dwārka,22.24,68.97,81.37,86,100,11.99,IN,1598572753
475,Korem,12.51,39.52,57.25,75,83,4.23,ET,1598572753
476,Medicine Hat,50.05,-110.67,73.4,35,40,11.41,CA,1598572753
477,Port Blair,11.67,92.75,81.43,73,100,7.36,IN,1598572754
478,Talcahuano,-36.72,-73.12,50.0,87,75,6.93,CL,1598572754
479,Shitanjing,39.23,106.34,68.32,24,34,1.68,CN,1598572754
480,Balabac,7.99,117.06,82.83,75,93,4.03,PH,1598572754
481,Borogontsy,62.67,131.17,54.28,43,1,3.85,RU,1598572754
482,Ilulissat,69.22,-51.1,42.8,60,11,4.47,GL,1598572754
483,Keizer,44.99,-123.03,86.0,26,1,12.75,US,1598572755
484,Diffa,13.32,12.61,82.22,59,21,5.93,NE,1598572755
485,Ukiah,39.15,-123.21,95.0,24,1,8.05,US,1598572724
486,Letnyaya Stavka,45.43,43.45,69.15,46,32,7.58,RU,1598572755
487,Lianzhou,24.78,112.38,76.78,69,0,1.01,CN,1598572755
488,Kastamonu Province,41.5,33.67,55.06,85,68,1.54,TR,1598572755
489,Petrolina,-9.4,-40.5,76.87,37,34,15.64,BR,1598572630
490,Westport,41.14,-73.36,77.0,94,90,10.4,US,1598572523
491,Nara,34.69,135.8,84.2,83,75,1.12,JP,1598572657
492,Tura,25.52,90.22,73.74,91,25,5.46,IN,1598572543
493,Chara,56.91,118.26,56.35,50,58,1.05,RU,1598572756
494,Turiaçu,-1.66,-45.37,75.43,92,18,3.87,BR,1598572757
495,Vestmannaeyjar,63.44,-20.27,51.69,79,25,15.39,IS,1598572757
496,Genoa,44.41,8.96,77.0,78,40,2.24,IT,1598572757
497,Chisec,15.82,-90.28,75.79,90,96,1.99,GT,1598572757
498,Baghlan,36.13,68.71,63.25,49,0,1.68,AF,1598572757
499,Orcopampa,-15.27,-72.34,48.97,52,3,5.32,PE,1598572758
500,Ozernovskiy,51.5,156.52,51.64,86,91,11.63,RU,1598572758
501,Cidreira,-30.18,-50.21,63.23,81,26,6.76,BR,1598572758
502,Montmagny,48.97,2.35,66.2,68,90,10.29,FR,1598572758
503,Clyde River,70.47,-68.59,51.8,71,75,4.7,CA,1598572758
504,Samarkand,39.65,66.96,62.6,72,0,13.87,UZ,1598572758
505,Carutapera,-1.2,-46.02,76.84,90,15,5.88,BR,1598572476
506,Keti Bandar,24.14,67.45,81.93,86,95,10.96,PK,1598572759
507,Gemeente Wageningen,51.97,5.67,61.0,87,90,9.17,NL,1598572759
508,Clemencia,10.57,-75.33,86.0,79,40,5.82,CO,1598572759
509,Gubkinskiy,64.43,76.5,53.78,73,6,7.34,RU,1598572759
510,Starkville,33.45,-88.82,80.6,83,1,13.87,US,1598572514
511,Vostok,46.49,135.88,62.37,100,100,4.16,RU,1598572760
512,Dawei,14.08,98.2,78.53,85,98,2.93,MM,1598572760
513,Hambantota,6.12,81.12,79.47,81,64,12.39,LK,1598572760
514,Ngunguru,-35.62,174.5,62.01,3,8,5.01,NZ,1598572760
515,Porto-Vecchio,41.59,9.28,77.0,53,0,18.34,FR,1598572760
516,Mizdah,31.45,12.98,69.44,72,0,7.94,LY,1598572760
517,Raudeberg,61.99,5.14,55.99,84,14,14.74,NO,1598572761
518,Trelew,-43.25,-65.31,57.51,37,7,20.15,AR,1598572761
519,Sisimiut,66.94,-53.67,48.45,70,99,5.66,GL,1598572761
520,Ducheng,23.24,111.53,78.96,71,0,1.59,CN,1598572761
521,‘Ewa Beach,21.32,-158.01,89.6,40,1,8.05,US,1598572513
522,Dakoro,14.51,6.76,85.32,54,43,12.15,NE,1598572761
523,Toamasina,-18.17,49.38,64.4,100,40,3.36,MG,1598572762
524,San Felipe,10.34,-68.74,73.31,92,45,2.26,VE,1598572482
525,Rosarito,32.33,-117.03,84.2,51,5,10.29,MX,1598572762
526,Tsalka,41.59,44.09,50.41,76,14,2.48,GE,1598572762
527,Tezu,27.92,96.17,75.52,85,75,1.88,IN,1598572573
528,Rio Grande,-32.03,-52.1,60.01,97,100,1.01,BR,1598572614
529,Port Macquarie,-31.43,152.92,66.99,49,0,9.28,AU,1598572561
530,Hope,33.67,-93.59,75.0,77,100,11.01,US,1598572763
531,Honiara,-9.43,159.95,84.2,79,75,11.41,SB,1598572763
532,Piqua,40.14,-84.24,80.01,76,100,1.01,US,1598572763
533,Davila,18.47,120.58,78.8,88,75,2.24,PH,1598572763
534,Saint Anthony,45.02,-93.22,86.0,48,1,8.05,US,1598572763
535,Gobabis,-22.45,18.97,50.99,45,14,1.81,NA,1598572764
536,Alta Floresta,-9.88,-56.09,82.71,43,54,1.3,BR,1598572764
537,‘Āhuimanu,21.44,-157.84,89.6,61,75,12.75,US,1598572764
538,Derzhavīnsk,51.1,66.32,61.09,69,42,5.08,KZ,1598572764
539,Farmington,36.73,-108.22,93.2,14,1,9.17,US,1598572764
540,Christchurch,-43.53,172.63,55.99,54,17,8.05,NZ,1598572495
541,Siderno,38.28,16.3,77.0,88,20,8.05,IT,1598572764
542,Daura,11.55,11.41,77.04,72,51,4.34,NG,1598572765
543,Oxapampa,-10.58,-75.4,60.22,83,65,1.7,PE,1598572765
544,La Paz,-16.5,-68.15,55.4,22,40,5.82,BO,1598572615
545,Sambava,-14.27,50.17,69.78,80,57,9.57,MG,1598572765
546,Sohag,26.56,31.69,80.6,32,0,5.82,EG,1598572765
547,Rawson,-43.3,-65.1,56.26,41,2,17.63,AR,1598572766
548,Salalah,17.02,54.09,75.2,100,90,3.36,OM,1598572556
549,Richards Bay,-28.78,32.04,66.16,65,34,11.99,ZA,1598572766
550,Abū Zabad,12.35,29.25,76.24,75,84,4.14,SD,1598572766
551,Prince Rupert,54.32,-130.32,60.8,72,90,9.17,CA,1598572643
552,Tacuarembó,-31.73,-55.98,65.28,97,99,9.91,UY,1598572766
553,Torres,-29.34,-49.73,64.45,82,0,5.77,BR,1598572766
554,Chapais,49.78,-74.85,53.6,71,90,6.93,CA,1598572488
555,Asău,46.43,26.4,63.0,77,87,4.7,RO,1598572767
